fecha,Mercado,Energia,Banca,Consumo,Tecnologia,Utilities
2016-01,0.027829,-0.017442,-0.001148,0.024577,-0.040911,-0.002418
2016-02,-0.012743,-0.039068,-0.082596,-0.056183,-0.040277,0.011649
2016-03,-0.006854,-0.085671,-0.064946,0.041484,0.14336,0.003796
2016-04,0.07521,0.097674,0.005177,0.041731,0.108054,0.085041
2016-05,-0.037624,-0.071945,-0.085126,-0.063163,0.029875,-0.015234
2016-06,-0.017311,-0.087486,0.073815,-0.032022,0.069059,-0.000763
2016-07,0.012134,-0.078603,0.063541,-0.033606,-0.028496,0.015725
2016-08,0.029341,0.039531,0.062638,0.05814,-0.004793,0.059818
2016-09,-0.031136,0.009065,-0.120983,-0.078523,-0.108981,-0.07843
2016-10,-0.00428,-0.154758,-0.113462,-0.015643,-0.076355,-0.055925
2016-11,0.053828,0.086884,-0.070931,0.0752,0.096187,0.046822
2016-12,-0.061493,-0.056795,-0.082,-0.045014,-0.191653,-0.035343
2017-01,-0.001299,-0.16774,-0.09824,-0.086609,-0.025901,-0.045531
2017-02,0.022133,0.061514,0.013386,-0.070673,0.067839,0.052646
2017-03,0.002599,-0.018921,0.044996,0.050226,0.027147,0.010558
2017-04,0.043762,-0.016853,-0.052164,0.099885,0.087512,0.040417
2017-05,0.054663,0.098282,0.132352,-0.033089,0.182007,0.042251
2017-06,-0.072575,-0.016556,-0.056069,-0.100371,-0.006112,-0.05498
2017-07,-0.034241,-0.0171,-0.015138,-0.042155,-0.1135,-0.032915
2017-08,-0.049969,-0.15777,-0.016702,-0.054992,-0.063158,-0.08529
2017-09,0.083989,0.211423,0.121448,0.095796,0.174993,0.072042
2017-10,-0.064768,-0.148072,0.02115,-0.046965,0.028955,-0.006
2017-11,0.003462,-0.016588,0.104172,0.054748,-0.118452,0.041434
2017-12,0.04681,0.10738,0.0941,-0.003605,-0.062163,0.041024
2018-01,-0.03538,-0.022027,0.056631,0.014898,-0.036251,0.019732
2018-02,-0.011118,0.034061,-0.103034,0.001434,0.128495,0.003984
2018-03,0.076108,0.053,0.091074,-0.02131,0.14065,0.047707
2018-04,0.053131,0.019128,0.154191,0.057658,-0.077936,0.047723
2018-05,0.032573,0.004585,0.130239,-0.001098,-0.099466,0.013209
2018-06,0.010505,-0.020607,-0.025819,0.021931,0.051528,0.041863
2018-07,-0.024109,-0.116383,0.048716,0.054256,-0.066973,-0.034562
2018-08,0.031754,-0.09322,-0.027987,0.062865,0.258694,0.013595
2018-09,-0.016222,-0.072222,-0.025978,0.039201,-0.143501,0.057651
2018-10,0.027376,-0.131719,0.015838,-0.032187,0.093207,0.038648
2018-11,0.083543,0.145956,0.10151,-0.023148,0.065392,0.061041
2018-12,0.004228,0.024346,0.053384,0.073993,0.100485,-0.010615
2019-01,0.021994,-0.068655,0.098309,0.047913,0.09859,-0.046125
2019-02,0.056383,0.07679,0.095723,0.134137,0.184946,0.061567
2019-03,-0.017644,0.096663,-0.025201,0.022203,0.010471,-0.029232
2019-04,-0.106701,-0.048996,-0.124836,-0.075517,-0.272119,-0.066901
2019-05,-0.014518,0.02143,0.019355,-0.013259,-0.024411,0.026656
2019-06,-0.041753,-0.13197,-0.114139,-0.050077,0.010979,-0.059232
2019-07,0.027801,-0.116522,0.034897,-0.049436,-0.154466,0.002479
2019-08,0.058981,0.052644,0.094562,0.016526,0.138746,0.060727
2019-09,0.016265,-0.021868,0.177815,0.014051,0.032916,-0.054521
2019-10,-0.088246,0.042593,-0.097548,-0.004718,-0.261127,-0.006744
2019-11,0.100015,0.068204,0.174626,0.060425,0.211667,0.084292
2019-12,0.016794,-0.044505,0.035205,-0.00476,-0.100255,-0.005626
2020-01,0.028452,-0.053048,0.046562,0.048525,0.025966,-0.001458
2020-02,-0.070304,-0.110407,-0.135808,-0.102291,-0.171487,-0.075339
2020-03,0.043173,-0.013784,0.077881,0.09997,0.04313,0.027105
2020-04,-0.026308,-0.067738,0.018175,-0.036283,-0.114238,0.008378
2020-05,-0.020863,0.031528,0.087645,-0.039005,-0.018904,-0.030547
2020-06,0.069878,0.082846,0.169391,0.077848,0.128026,-0.001558
2020-07,0.021629,-0.015178,-0.003148,-0.007277,-0.049773,0.015235
2020-08,0.038298,0.171522,0.116857,-0.007976,0.129069,0.032825
2020-09,-0.01912,0.02964,0.037659,-0.089548,-0.108712,-0.024262
2020-10,0.063689,0.162115,0.044616,0.038737,0.20386,0.021141
2020-11,0.012121,0.002139,0.018843,0.052182,-0.047232,0.018165
2020-12,0.049006,0.07281,0.089937,-0.061098,0.141167,0.02163
2021-01,-0.036956,-0.041239,0.12808,-0.058368,0.065608,-0.007806
2021-02,0.047385,-0.05279,0.062288,-0.016256,0.130325,0.045461
2021-03,-0.032104,-0.029899,-0.075824,0.035095,-0.082083,-0.037952
2021-04,-0.021878,-0.096865,-0.033488,-0.113062,-0.090264,0.041742
2021-05,0.033132,-0.065719,0.018683,0.024023,-0.119453,-0.046597
2021-06,-0.037313,-0.00114,-0.168443,-0.138135,-0.072498,0.021474
2021-07,0.018959,-0.036037,0.023264,-0.000473,-0.073867,0.033564
2021-08,0.036004,0.155524,0.028513,0.106816,0.108518,0.060809
2021-09,0.044732,0.098537,0.066762,0.01843,0.190306,0.039281
2021-10,-0.042172,-0.196075,0.008424,-0.020684,-0.11223,-0.112681
2021-11,0.054553,0.249922,0.063864,0.00673,0.144643,0.000411
2021-12,-0.004025,0.102309,-0.09129,-0.069773,0.004133,0.076063
2022-01,-0.026471,-0.11777,0.069301,-0.001555,0.013604,-0.056802
2022-02,0.034819,0.113882,0.064182,0.122758,0.121556,0.045069
2022-03,0.077679,0.202799,0.117776,0.065488,-0.100389,0.036735
2022-04,0.079759,0.012046,0.058842,0.012412,0.13287,0.084478
2022-05,0.027874,-0.002588,0.067176,0.0841,0.039725,0.065681
2022-06,-0.001685,0.006436,-0.078873,-0.006356,-0.085666,0.030577
2022-07,-0.003545,0.001788,0.000506,0.018545,-0.009686,0.005996
2022-08,-0.02078,0.01532,-0.07362,-0.009629,-0.001807,-0.057069
2022-09,0.033329,-0.049389,0.07462,0.017513,0.103313,-0.003415
2022-10,0.04816,0.109128,0.090135,0.000796,0.235931,0.038507
2022-11,0.015992,0.058499,0.074597,-0.001187,-0.171126,0.003956
2022-12,-0.048286,-0.029786,-0.01629,-0.016848,-0.14159,-0.058774
2023-01,0.026851,0.074999,-0.009425,0.044061,0.052799,0.122742
2023-02,-0.017233,-0.096239,-0.023435,0.100773,-0.080514,-0.000394
2023-03,0.070397,0.127237,0.035224,0.005034,-0.106339,0.068984
2023-04,0.075201,0.056253,0.097267,0.075341,0.046062,0.050384
2023-05,0.044107,0.071275,0.10543,0.086281,0.038017,0.071299
2023-06,-0.029118,-0.029467,-0.039758,-0.032559,-0.033502,0.012084
2023-07,-0.054579,0.197569,-0.068711,-0.070757,0.057267,-0.010633
2023-08,0.034177,-0.036062,0.081386,0.017357,0.053968,-0.022543
2023-09,0.039611,0.040691,0.029201,-0.068932,0.111488,-0.009257
2023-10,-0.000458,0.124047,0.055827,0.004524,0.049975,0.014361
2023-11,-0.027743,-0.005746,-0.052681,0.017347,0.015317,0.036383
2023-12,0.059225,0.016347,0.139229,0.021948,0.040705,0.023788
2024-01,0.011336,0.017119,0.029925,0.040464,0.066097,-0.021712
2024-02,-0.02814,-0.031201,0.088508,0.013741,0.058938,-0.055963
2024-03,-0.014873,-0.035097,-0.000785,-0.013842,-0.008254,-0.004022
2024-04,0.035812,0.088823,0.066979,-0.024211,0.036069,0.00962
2024-05,-0.024289,0.075373,-0.000432,0.07193,0.0755,0.050515
2024-06,-0.000193,0.003571,-0.019572,-0.056667,-0.034995,0.065021
2024-07,-0.073664,-0.029058,-0.034034,-0.080292,-0.103602,-0.022992
2024-08,-0.105835,-0.074411,-0.171354,-0.022584,-0.179792,-0.002187
2024-09,0.049871,-0.091174,0.085141,0.001997,0.096015,0.085001
2024-10,-0.032977,-0.067861,-0.002781,0.00574,0.169851,-0.021228
2024-11,0.047536,-0.011389,0.043972,0.087231,0.008179,0.019848
2024-12,0.074782,0.087797,-0.004957,0.012224,0.20005,0.060556
2025-01,-0.040968,-0.02769,-0.134164,-0.030695,-0.009582,-0.0664
2025-02,-0.010422,0.081568,-0.072305,0.013048,-0.046148,-0.04815
2025-03,0.006471,-0.043406,0.031905,-0.02598,-0.181838,0.025504
2025-04,0.012379,0.08546,0.097963,-0.090064,0.021019,-0.012239
2025-05,0.08519,0.223784,0.212907,0.094887,0.113416,-0.009863
2025-06,0.043068,0.038173,0.050842,-0.003392,0.048969,0.021597
2025-07,0.031633,-0.009356,0.059428,0.025308,0.198705,-0.025056
2025-08,-0.032341,-0.135229,-0.031341,-0.092871,-0.084856,-0.016575
2025-09,-0.003048,0.033538,-0.050563,-0.025982,-0.033695,-0.055008
2025-10,-0.026758,0.074393,-0.105307,-0.104967,0.032218,-0.000781
2025-11,0.078796,0.137243,-0.002909,0.145586,0.116826,0.069747
2025-12,0.061416,0.085942,0.201031,0.037854,0.112711,0.016667
